"12","千葉県","12101","千葉市","中央区","121010001000","旭町","35.608119","140.134577","1","1"
"12","千葉県","12101","千葉市","中央区","121010002001","亥鼻１丁目","35.604010","140.134362","1","3"
"12","千葉県","12101","千葉市","中央区","121010002002","亥鼻２丁目","35.601882","140.127586","1","3"
"12","千葉県","12101","千葉市","中央区","121010002003","亥鼻３丁目","35.602775","140.130576","1","3"
"12","千葉県","12101","千葉市","中央区","121010003001","稲荷町１丁目","35.590574","140.125277","1","3"
"12","千葉県","12101","千葉市","中央区","121010003002","稲荷町２丁目","35.588135","140.124344","1","3"
"12","千葉県","12101","千葉市","中央区","121010003003","稲荷町３丁目","35.586160","140.126345","1","3"
"12","千葉県","12101","千葉市","中央区","121010004001","院内１丁目","35.613385","140.123192","1","3"
"12","千葉県","12101","千葉市","中央区","121010004002","院内２丁目","35.613530","140.125982","1","3"
"12","千葉県","12101","千葉市","中央区","121010005000","鵜の森町","35.574687","140.139635","1","1"
"12","千葉県","12101","千葉市","中央区","121010006000","栄町","35.612225","140.120260","1","1"
"12","千葉県","12101","千葉市","中央区","121010007000","塩田町","35.562086","140.132005","1","1"
"12","千葉県","12101","千葉市","中央区","121010008000","花輪町","35.579223","140.155927","1","1"
"12","千葉県","12101","千葉市","中央区","121010009001","葛城１丁目","35.599040","140.128469","1","3"
"12","千葉県","12101","千葉市","中央区","121010009002","葛城２丁目","35.600523","140.132745","1","3"
"12","千葉県","12101","千葉市","中央区","121010009003","葛城３丁目","35.598679","140.134407","1","3"
"12","千葉県","12101","千葉市","中央区","121010010001","寒川町１丁目","35.597158","140.120257","1","3"
"12","千葉県","12101","千葉市","中央区","121010010002","寒川町２丁目","35.594566","140.122115","1","3"
"12","千葉県","12101","千葉市","中央区","121010010003","寒川町３丁目","35.592816","140.123450","1","3"
"12","千葉県","12101","千葉市","中央区","121010011000","亀井町","35.607884","140.130420","1","1"
"12","千葉県","12101","千葉市","中央区","121010012000","亀岡町","35.605745","140.133838","1","1"
"12","千葉県","12101","千葉市","中央区","121010013001","宮崎１丁目","35.587134","140.134837","1","3"
"12","千葉県","12101","千葉市","中央区","121010013002","宮崎２丁目","35.582869","140.135961","1","3"
"12","千葉県","12101","千葉市","中央区","121010014000","宮崎町","35.585261","140.143359","1","1"
"12","千葉県","12101","千葉市","中央区","121010015000","港町","35.599612","140.119261","1","1"
"12","千葉県","12101","千葉市","中央区","121010016001","今井１丁目","35.584220","140.127894","1","3"
"12","千葉県","12101","千葉市","中央区","121010016002","今井２丁目","35.579976","140.128723","1","3"
"12","千葉県","12101","千葉市","中央区","121010016003","今井３丁目","35.577284","140.129910","1","3"
"12","千葉県","12101","千葉市","中央区","121010017000","今井町","35.572365","140.140628","1","1"
"12","千葉県","12101","千葉市","中央区","121010018000","市場町","35.604391","140.124760","1","1"
"12","千葉県","12101","千葉市","中央区","121010019000","汐見丘町","35.616873","140.104488","1","1"
"12","千葉県","12101","千葉市","中央区","121010020001","若草１丁目","35.574148","140.135329","1","3"
"12","千葉県","12101","千葉市","中央区","121010021000","出洲港","35.598274","140.115140","1","1"
"12","千葉県","12101","千葉市","中央区","121010022001","春日１丁目","35.619331","140.103335","1","3"
"12","千葉県","12101","千葉市","中央区","121010022002","春日２丁目","35.621497","140.101127","1","3"
"12","千葉県","12101","千葉市","中央区","121010023000","松ケ丘町","35.589810","140.147941","1","1"
"12","千葉県","12101","千葉市","中央区","121010024001","松波１丁目","35.617363","140.109184","1","3"
"12","千葉県","12101","千葉市","中央区","121010024002","松波２丁目","35.621891","140.106068","1","3"
"12","千葉県","12101","千葉市","中央区","121010024003","松波３丁目","35.619528","140.110426","1","3"
"12","千葉県","12101","千葉市","中央区","121010024004","松波４丁目","35.622866","140.110683","1","3"
"12","千葉県","12101","千葉市","中央区","121010025001","新宿１丁目","35.604773","140.112531","1","3"
"12","千葉県","12101","千葉市","中央区","121010025002","新宿２丁目","35.606370","140.116363","1","3"
"12","千葉県","12101","千葉市","中央区","121010026001","新千葉１丁目","35.612500","140.113203","1","3"
"12","千葉県","12101","千葉市","中央区","121010026002","新千葉２丁目","35.613400","140.110008","1","3"
"12","千葉県","12101","千葉市","中央区","121010026003","新千葉３丁目","35.613992","140.106262","1","3"
"12","千葉県","12101","千葉市","中央区","121010027000","新町","35.610482","140.113003","1","1"
"12","千葉県","12101","千葉市","中央区","121010028000","新田町","35.607575","140.111041","1","1"
"12","千葉県","12101","千葉市","中央区","121010029000","新浜町","35.558707","140.113218","1","1"
"12","千葉県","12101","千葉市","中央区","121010030000","神明町","35.601982","140.115363","1","1"
"12","千葉県","12101","千葉市","中央区","121010031000","仁戸名町","35.589761","140.159278","1","1"
"12","千葉県","12101","千葉市","中央区","121010032000","星久喜町","35.599594","140.150586","1","1"
"12","千葉県","12101","千葉市","中央区","121010033000","生実町","35.564749","140.150236","1","1"
"12","千葉県","12101","千葉市","中央区","121010034000","青葉町","35.596785","140.140723","1","1"
"12","千葉県","12101","千葉市","中央区","121010035000","赤井町","35.572010","140.161452","1","1"
"12","千葉県","12101","千葉市","中央区","121010036000","千葉港","35.606734","140.105328","1","1"
"12","千葉県","12101","千葉市","中央区","121010037000","千葉寺町","35.591981","140.134696","1","1"
"12","千葉県","12101","千葉市","中央区","121010038000","川戸町","35.581392","140.170164","1","1"
"12","千葉県","12101","千葉市","中央区","121010039000","川崎町","35.580832","140.119817","1","1"
"12","千葉県","12101","千葉市","中央区","121010040002","蘇我町２丁目","35.566741","140.131247","1","3"
"12","千葉県","12101","千葉市","中央区","121010041000","村田町","35.549523","140.128567","1","1"
"12","千葉県","12101","千葉市","中央区","121010042000","大巌寺町","35.573757","140.145320","1","1"
"12","千葉県","12101","千葉市","中央区","121010043000","大森町","35.579679","140.148654","1","1"
"12","千葉県","12101","千葉市","中央区","121010044001","中央１丁目","35.610668","140.122127","1","3"
"12","千葉県","12101","千葉市","中央区","121010044002","中央２丁目","35.609570","140.122229","1","3"
"12","千葉県","12101","千葉市","中央区","121010044003","中央３丁目","35.608251","140.121366","1","3"
"12","千葉県","12101","千葉市","中央区","121010044004","中央４丁目","35.606903","140.121990","1","3"
"12","千葉県","12101","千葉市","中央区","121010045001","中央港１丁目","35.601172","140.102677","1","3"
"12","千葉県","12101","千葉市","中央区","121010045002","中央港２丁目","35.593953","140.107983","1","3"
"12","千葉県","12101","千葉市","中央区","121010046001","長洲１丁目","35.602366","140.120405","1","3"
"12","千葉県","12101","千葉市","中央区","121010046002","長洲２丁目","35.599746","140.124328","1","3"
"12","千葉県","12101","千葉市","中央区","121010047001","椿森１丁目","35.617033","140.120037","1","3"
"12","千葉県","12101","千葉市","中央区","121010047002","椿森２丁目","35.620512","140.121157","1","3"
"12","千葉県","12101","千葉市","中央区","121010047003","椿森３丁目","35.622409","140.118403","1","3"
"12","千葉県","12101","千葉市","中央区","121010047004","椿森４丁目","35.623766","140.122090","1","3"
"12","千葉県","12101","千葉市","中央区","121010047005","椿森５丁目","35.618758","140.123323","1","3"
"12","千葉県","12101","千葉市","中央区","121010047006","椿森６丁目","35.621358","140.123758","1","3"
"12","千葉県","12101","千葉市","中央区","121010048000","鶴沢町","35.610309","140.134808","1","1"
"12","千葉県","12101","千葉市","中央区","121010049001","登戸１丁目","35.609488","140.108616","1","3"
"12","千葉県","12101","千葉市","中央区","121010049002","登戸２丁目","35.611466","140.109095","1","3"
"12","千葉県","12101","千葉市","中央区","121010049003","登戸３丁目","35.613721","140.104516","1","3"
"12","千葉県","12101","千葉市","中央区","121010049004","登戸４丁目","35.616716","140.101721","1","3"
"12","千葉県","12101","千葉市","中央区","121010049005","登戸５丁目","35.620885","140.099407","1","3"
"12","千葉県","12101","千葉市","中央区","121010050000","都町","35.614055","140.147982","1","1"
"12","千葉県","12101","千葉市","中央区","121010050001","都町１丁目","35.613734","140.136886","1","3"
"12","千葉県","12101","千葉市","中央区","121010050002","都町２丁目","35.610890","140.138995","1","3"
"12","千葉県","12101","千葉市","中央区","121010050003","都町３丁目","35.608785","140.139466","1","3"
"12","千葉県","12101","千葉市","中央区","121010051001","東千葉１丁目","35.622013","140.125261","1","3"
"12","千葉県","12101","千葉市","中央区","121010051002","東千葉２丁目","35.622620","140.127153","1","3"
"12","千葉県","12101","千葉市","中央区","121010051003","東千葉３丁目","35.626759","140.125944","1","3"
"12","千葉県","12101","千葉市","中央区","121010052000","東本町","35.610224","140.130921","1","1"
"12","千葉県","12101","千葉市","中央区","121010053001","道場南１丁目","35.611800","140.128264","1","3"
"12","千葉県","12101","千葉市","中央区","121010053002","道場南２丁目","35.613147","140.133055","1","3"
"12","千葉県","12101","千葉市","中央区","121010054001","道場北１丁目","35.614467","140.128383","1","3"
"12","千葉県","12101","千葉市","中央区","121010054002","道場北２丁目","35.614974","140.131108","1","3"
"12","千葉県","12101","千葉市","中央区","121010056000","南生実町","35.556205","140.154766","1","1"
"12","千葉県","12101","千葉市","中央区","121010057001","南町１丁目","35.585270","140.131659","1","3"
"12","千葉県","12101","千葉市","中央区","121010057002","南町２丁目","35.581022","140.132999","1","3"
"12","千葉県","12101","千葉市","中央区","121010057003","南町３丁目","35.578111","140.135501","1","3"
"12","千葉県","12101","千葉市","中央区","121010058001","白旗１丁目","35.579597","140.137508","1","3"
"12","千葉県","12101","千葉市","中央区","121010058002","白旗２丁目","35.578940","140.140031","1","3"
"12","千葉県","12101","千葉市","中央区","121010058003","白旗３丁目","35.580955","140.140527","1","3"
"12","千葉県","12101","千葉市","中央区","121010059000","浜野町","35.554553","140.130873","1","1"
"12","千葉県","12101","千葉市","中央区","121010060001","富士見１丁目","35.612446","140.117441","1","3"
"12","千葉県","12101","千葉市","中央区","121010060002","富士見２丁目","35.609950","140.119277","1","3"
"12","千葉県","12101","千葉市","中央区","121010061001","弁天１丁目","35.615678","140.112697","1","3"
"12","千葉県","12101","千葉市","中央区","121010061002","弁天２丁目","35.615345","140.116309","1","3"
"12","千葉県","12101","千葉市","中央区","121010061003","弁天３丁目","35.617994","140.116992","1","3"
"12","千葉県","12101","千葉市","中央区","121010061004","弁天４丁目","35.623459","140.113471","1","3"
"12","千葉県","12101","千葉市","中央区","121010062000","本千葉町","35.606757","140.118709","1","1"
"12","千葉県","12101","千葉市","中央区","121010063001","本町１丁目","35.610571","140.127200","1","3"
"12","千葉県","12101","千葉市","中央区","121010063002","本町２丁目","35.609404","140.129438","1","3"
"12","千葉県","12101","千葉市","中央区","121010063003","本町３丁目","35.606734","140.127176","1","3"
"12","千葉県","12101","千葉市","中央区","121010064001","末広１丁目","35.597873","140.125314","1","3"
"12","千葉県","12101","千葉市","中央区","121010064002","末広２丁目","35.596157","140.125572","1","3"
"12","千葉県","12101","千葉市","中央区","121010064003","末広３丁目","35.594079","140.128425","1","3"
"12","千葉県","12101","千葉市","中央区","121010064004","末広４丁目","35.590184","140.128615","1","3"
"12","千葉県","12101","千葉市","中央区","121010064005","末広５丁目","35.587726","140.130226","1","3"
"12","千葉県","12101","千葉市","中央区","121010065000","問屋町","35.601415","140.111120","1","1"
"12","千葉県","12101","千葉市","中央区","121010066000","矢作町","35.605134","140.141952","1","1"
"12","千葉県","12101","千葉市","中央区","121010067001","祐光１丁目","35.616957","140.126941","1","3"
"12","千葉県","12101","千葉市","中央区","121010067002","祐光２丁目","35.617138","140.124092","1","3"
"12","千葉県","12101","千葉市","中央区","121010067003","祐光３丁目","35.620425","140.129128","1","3"
"12","千葉県","12101","千葉市","中央区","121010067004","祐光４丁目","35.618442","140.129908","1","3"
"12","千葉県","12101","千葉市","中央区","121010068000","要町","35.615434","140.122117","1","1"
"12","千葉県","12101","千葉市","中央区","121010069001","蘇我１丁目","35.574220","140.130106","0","3"
"12","千葉県","12101","千葉市","中央区","121010069002","蘇我２丁目","35.572013","140.132362","0","3"
"12","千葉県","12101","千葉市","中央区","121010069003","蘇我３丁目","35.567609","140.132079","0","3"
"12","千葉県","12101","千葉市","中央区","121010069004","蘇我４丁目","35.566841","140.136378","0","3"
"12","千葉県","12101","千葉市","中央区","121010069005","蘇我５丁目","35.572078","140.136813","0","3"
"12","千葉県","12101","千葉市","中央区","121010055000","道場北町","35.616196","140.132846","1","1"
"12","千葉県","12102","千葉市","花見川区","121020001001","こてはし台１丁目","35.685267","140.126757","1","3"
"12","千葉県","12102","千葉市","花見川区","121020001002","こてはし台２丁目","35.687241","140.125965","1","3"
"12","千葉県","12102","千葉市","花見川区","121020001003","こてはし台３丁目","35.685042","140.120772","1","3"
"12","千葉県","12102","千葉市","花見川区","121020001004","こてはし台４丁目","35.686491","140.118972","1","3"
"12","千葉県","12102","千葉市","花見川区","121020001005","こてはし台５丁目","35.690582","140.119228","1","3"
"12","千葉県","12102","千葉市","花見川区","121020001006","こてはし台６丁目","35.696292","140.116278","1","3"
"12","千葉県","12102","千葉市","花見川区","121020002001","さつきが丘１丁目","35.665215","140.098282","1","3"
"12","千葉県","12102","千葉市","花見川区","121020002002","さつきが丘２丁目","35.664360","140.092312","1","3"
"12","千葉県","12102","千葉市","花見川区","121020003000","宇那谷町","35.689613","140.136155","1","1"
"12","千葉県","12102","千葉市","花見川区","121020004000","横戸台","35.698212","140.113632","1","1"
"12","千葉県","12102","千葉市","花見川区","121020005000","横戸町","35.702230","140.117110","1","1"
"12","千葉県","12102","千葉市","花見川区","121020006001","花園１丁目","35.652701","140.075099","1","3"
"12","千葉県","12102","千葉市","花見川区","121020006002","花園２丁目","35.653552","140.070215","1","3"
"12","千葉県","12102","千葉市","花見川区","121020006003","花園３丁目","35.656766","140.070240","1","3"
"12","千葉県","12102","千葉市","花見川区","121020006004","花園４丁目","35.655383","140.072883","1","3"
"12","千葉県","12102","千葉市","花見川区","121020006005","花園５丁目","35.654188","140.076233","1","3"
"12","千葉県","12102","千葉市","花見川区","121020007000","花園町","35.651779","140.081258","1","1"
"12","千葉県","12102","千葉市","花見川区","121020008000","花見川","35.686303","140.093271","1","1"
"12","千葉県","12102","千葉市","花見川区","121020009000","花島町","35.682577","140.099109","1","1"
"12","千葉県","12102","千葉市","花見川区","121020010001","宮野木台１丁目","35.655067","140.093703","1","3"
"12","千葉県","12102","千葉市","花見川区","121020010002","宮野木台２丁目","35.656656","140.093601","1","3"
"12","千葉県","12102","千葉市","花見川区","121020010003","宮野木台３丁目","35.659457","140.094524","1","3"
"12","千葉県","12102","千葉市","花見川区","121020010004","宮野木台４丁目","35.658375","140.096827","1","3"
"12","千葉県","12102","千葉市","花見川区","121020011001","検見川町１丁目","35.652244","140.065645","1","3"
"12","千葉県","12102","千葉市","花見川区","121020011002","検見川町２丁目","35.649554","140.064112","1","3"
"12","千葉県","12102","千葉市","花見川区","121020011003","検見川町３丁目","35.647900","140.069817","1","3"
"12","千葉県","12102","千葉市","花見川区","121020011005","検見川町５丁目","35.644880","140.073603","1","3"
"12","千葉県","12102","千葉市","花見川区","121020012001","作新台１丁目","35.690846","140.090612","1","3"
"12","千葉県","12102","千葉市","花見川区","121020012002","作新台２丁目","35.692628","140.088615","1","3"
"12","千葉県","12102","千葉市","花見川区","121020012003","作新台３丁目","35.692971","140.084410","1","3"
"12","千葉県","12102","千葉市","花見川区","121020012004","作新台４丁目","35.692166","140.080644","1","3"
"12","千葉県","12102","千葉市","花見川区","121020012005","作新台５丁目","35.691188","140.082612","1","3"
"12","千葉県","12102","千葉市","花見川区","121020012006","作新台６丁目","35.688287","140.087209","1","3"
"12","千葉県","12102","千葉市","花見川区","121020012007","作新台７丁目","35.688621","140.083782","1","3"
"12","千葉県","12102","千葉市","花見川区","121020012008","作新台８丁目","35.685615","140.085798","1","3"
"12","千葉県","12102","千葉市","花見川区","121020013000","三角町","35.681891","140.116662","1","1"
"12","千葉県","12102","千葉市","花見川区","121020014001","瑞穂１丁目","35.666123","140.069915","1","3"
"12","千葉県","12102","千葉市","花見川区","121020014002","瑞穂２丁目","35.663124","140.071615","1","3"
"12","千葉県","12102","千葉市","花見川区","121020014003","瑞穂３丁目","35.661092","140.067658","1","3"
"12","千葉県","12102","千葉市","花見川区","121020015000","西小中台","35.652087","140.087444","1","1"
"12","千葉県","12102","千葉市","花見川区","121020016000","千種町","35.679687","140.111462","1","1"
"12","千葉県","12102","千葉市","花見川区","121020017000","大日町","35.681683","140.131896","1","1"
"12","千葉県","12102","千葉市","花見川区","121020018001","朝日ケ丘１丁目","35.657736","140.090826","1","3"
"12","千葉県","12102","千葉市","花見川区","121020018002","朝日ケ丘２丁目","35.658183","140.085354","1","3"
"12","千葉県","12102","千葉市","花見川区","121020018003","朝日ケ丘３丁目","35.654909","140.085207","1","3"
"12","千葉県","12102","千葉市","花見川区","121020018004","朝日ケ丘４丁目","35.657164","140.080135","1","3"
"12","千葉県","12102","千葉市","花見川区","121020018005","朝日ケ丘５丁目","35.661153","140.082802","1","3"
"12","千葉県","12102","千葉市","花見川区","121020019000","朝日ケ丘町","35.657795","140.087160","1","1"
"12","千葉県","12102","千葉市","花見川区","121020020001","長作台１丁目","35.682385","140.080634","1","3"
"12","千葉県","12102","千葉市","花見川区","121020020002","長作台２丁目","35.684127","140.082895","1","3"
"12","千葉県","12102","千葉市","花見川区","121020021000","長作町","35.680351","140.077171","1","1"
"12","千葉県","12102","千葉市","花見川区","121020022000","天戸町","35.677826","140.088918","1","1"
"12","千葉県","12102","千葉市","花見川区","121020023000","内山町","35.695256","140.131123","1","1"
"12","千葉県","12102","千葉市","花見川区","121020024001","南花園１丁目","35.649816","140.079604","1","3"
"12","千葉県","12102","千葉市","花見川区","121020024002","南花園２丁目","35.651241","140.072312","1","3"
"12","千葉県","12102","千葉市","花見川区","121020025000","柏井町","35.695372","140.104781","1","1"
"12","千葉県","12102","千葉市","花見川区","121020026000","畑町","35.667036","140.080930","1","1"
"12","千葉県","12102","千葉市","花見川区","121020027001","武石町１丁目","35.667104","140.063749","1","3"
"12","千葉県","12102","千葉市","花見川区","121020027002","武石町２丁目","35.661816","140.062824","1","3"
"12","千葉県","12102","千葉市","花見川区","121020028001","幕張町１丁目","35.662655","140.046708","1","3"
"12","千葉県","12102","千葉市","花見川区","121020028002","幕張町２丁目","35.665917","140.051608","1","3"
"12","千葉県","12102","千葉市","花見川区","121020028003","幕張町３丁目","35.669013","140.056447","1","3"
"12","千葉県","12102","千葉市","花見川区","121020028004","幕張町４丁目","35.666784","140.058419","1","3"
"12","千葉県","12102","千葉市","花見川区","121020028005","幕張町５丁目","35.654695","140.056788","1","3"
"12","千葉県","12102","千葉市","花見川区","121020028006","幕張町６丁目","35.659077","140.060965","1","3"
"12","千葉県","12102","千葉市","花見川区","121020029001","幕張本郷１丁目","35.670665","140.038597","1","3"
"12","千葉県","12102","千葉市","花見川区","121020029002","幕張本郷２丁目","35.668297","140.041634","1","3"
"12","千葉県","12102","千葉市","花見川区","121020029003","幕張本郷３丁目","35.666586","140.045629","1","3"
"12","千葉県","12102","千葉市","花見川区","121020029004","幕張本郷４丁目","35.667631","140.049858","1","3"
"12","千葉県","12102","千葉市","花見川区","121020029005","幕張本郷５丁目","35.671630","140.045800","1","3"
"12","千葉県","12102","千葉市","花見川区","121020029006","幕張本郷６丁目","35.674574","140.042705","1","3"
"12","千葉県","12102","千葉市","花見川区","121020029007","幕張本郷７丁目","35.673603","140.049119","1","3"
"12","千葉県","12102","千葉市","花見川区","121020030000","浪花町","35.657319","140.066806","1","1"
"12","千葉県","12102","千葉市","花見川区","121020031000","犢橋町","35.670298","140.105640","1","1"
"12","千葉県","12102","千葉市","花見川区","121020032001","柏井１丁目","35.694201","140.095004","0","3"
"12","千葉県","12102","千葉市","花見川区","121020032004","柏井４丁目","35.705446","140.104505","0","3"
"12","千葉県","12102","千葉市","花見川区","121020033001","み春野１丁目","35.692453","140.136872","0","0"
"12","千葉県","12102","千葉市","花見川区","121020033003","み春野３丁目","35.694919","140.137329","0","0"
"12","千葉県","12102","千葉市","花見川区","121020033002","み春野２丁目","35.690683","140.139399","0","0"
"12","千葉県","12103","千葉市","稲毛区","121030001000","あやめ台","35.649336","140.113768","1","1"
"12","千葉県","12103","千葉市","稲毛区","121030002000","稲丘町","35.631555","140.086956","1","1"
"12","千葉県","12103","千葉市","稲毛区","121030003001","稲毛１丁目","35.634545","140.083771","1","3"
"12","千葉県","12103","千葉市","稲毛区","121030003002","稲毛２丁目","35.637555","140.080214","1","3"
"12","千葉県","12103","千葉市","稲毛区","121030003003","稲毛３丁目","35.638214","140.084523","1","3"
"12","千葉県","12103","千葉市","稲毛区","121030004000","稲毛台町","35.633080","140.093055","1","1"
"12","千葉県","12103","千葉市","稲毛区","121030005004","稲毛町４丁目","35.646647","140.084770","1","3"
"12","千葉県","12103","千葉市","稲毛区","121030005005","稲毛町５丁目","35.643076","140.079928","1","3"
"12","千葉県","12103","千葉市","稲毛区","121030006001","稲毛東１丁目","35.633214","140.089836","1","3"
"12","千葉県","12103","千葉市","稲毛区","121030006002","稲毛東２丁目","35.636380","140.087238","1","3"
"12","千葉県","12103","千葉市","稲毛区","121030006003","稲毛東３丁目","35.636219","140.091026","1","3"
"12","千葉県","12103","千葉市","稲毛区","121030006004","稲毛東４丁目","35.639229","140.089770","1","3"
"12","千葉県","12103","千葉市","稲毛区","121030006005","稲毛東５丁目","35.639207","140.086502","1","3"
"12","千葉県","12103","千葉市","稲毛区","121030006006","稲毛東６丁目","35.643612","140.086100","1","3"
"12","千葉県","12103","千葉市","稲毛区","121030007000","園生町","35.644801","140.107588","1","1"
"12","千葉県","12103","千葉市","稲毛区","121030008000","宮野木町","35.656100","140.102866","1","1"
"12","千葉県","12103","千葉市","稲毛区","121030009001","穴川１丁目","35.632039","140.105606","1","3"
"12","千葉県","12103","千葉市","稲毛区","121030009002","穴川２丁目","35.633808","140.108477","1","3"
"12","千葉県","12103","千葉市","稲毛区","121030009003","穴川３丁目","35.636858","140.110221","1","3"
"12","千葉県","12103","千葉市","稲毛区","121030009004","穴川４丁目","35.635400","140.103238","1","3"
"12","千葉県","12103","千葉市","稲毛区","121030010000","穴川町","35.640695","140.107977","1","1"
"12","千葉県","12103","千葉市","稲毛区","121030011001","轟町１丁目","35.625646","140.109460","1","3"
"12","千葉県","12103","千葉市","稲毛区","121030011002","轟町２丁目","35.629586","140.106572","1","3"
"12","千葉県","12103","千葉市","稲毛区","121030011003","轟町３丁目","35.630932","140.109117","1","3"
"12","千葉県","12103","千葉市","稲毛区","121030011004","轟町４丁目","35.625954","140.113550","1","3"
"12","千葉県","12103","千葉市","稲毛区","121030011005","轟町５丁目","35.630269","140.112225","1","3"
"12","千葉県","12103","千葉市","稲毛区","121030012001","黒砂１丁目","35.624883","140.095103","1","3"
"12","千葉県","12103","千葉市","稲毛区","121030012002","黒砂２丁目","35.626429","140.091639","1","3"
"12","千葉県","12103","千葉市","稲毛区","121030012003","黒砂３丁目","35.628437","140.093545","1","3"
"12","千葉県","12103","千葉市","稲毛区","121030012004","黒砂４丁目","35.629506","140.090292","1","3"
"12","千葉県","12103","千葉市","稲毛区","121030013001","黒砂台１丁目","35.627775","140.096762","1","3"
"12","千葉県","12103","千葉市","稲毛区","121030013002","黒砂台２丁目","35.630636","140.094421","1","3"
"12","千葉県","12103","千葉市","稲毛区","121030013003","黒砂台３丁目","35.632062","140.099557","1","3"
"12","千葉県","12103","千葉市","稲毛区","121030014001","作草部１丁目","35.628270","140.115342","1","3"
"12","千葉県","12103","千葉市","稲毛区","121030014002","作草部２丁目","35.625953","140.117217","1","3"
"12","千葉県","12103","千葉市","稲毛区","121030015000","作草部町","35.628902","140.121579","1","1"
"12","千葉県","12103","千葉市","稲毛区","121030016000","山王町","35.662509","140.141317","1","1"
"12","千葉県","12103","千葉市","稲毛区","121030017000","小深町","35.659432","140.149704","1","1"
"12","千葉県","12103","千葉市","稲毛区","121030018000","小中台町","35.648412","140.092232","1","1"
"12","千葉県","12103","千葉市","稲毛区","121030019001","小仲台１丁目","35.633180","140.096749","1","3"
"12","千葉県","12103","千葉市","稲毛区","121030019002","小仲台２丁目","35.637490","140.095546","1","3"
"12","千葉県","12103","千葉市","稲毛区","121030019003","小仲台３丁目","35.637294","140.098821","1","3"
"12","千葉県","12103","千葉市","稲毛区","121030019004","小仲台４丁目","35.638806","140.102634","1","3"
"12","千葉県","12103","千葉市","稲毛区","121030019005","小仲台５丁目","35.640550","140.098587","1","3"
"12","千葉県","12103","千葉市","稲毛区","121030019006","小仲台６丁目","35.639919","140.094411","1","3"
"12","千葉県","12103","千葉市","稲毛区","121030019007","小仲台７丁目","35.642615","140.091181","1","3"
"12","千葉県","12103","千葉市","稲毛区","121030019008","小仲台８丁目","35.646873","140.088804","1","3"
"12","千葉県","12103","千葉市","稲毛区","121030019009","小仲台９丁目","35.645082","140.098298","1","3"
"12","千葉県","12103","千葉市","稲毛区","121030020001","千草台１丁目","35.633969","140.118646","1","3"
"12","千葉県","12103","千葉市","稲毛区","121030020002","千草台２丁目","35.634793","140.121602","1","3"
"12","千葉県","12103","千葉市","稲毛区","121030021000","長沼原町","35.672302","140.129495","1","1"
"12","千葉県","12103","千葉市","稲毛区","121030022000","長沼町","35.659208","140.116708","1","1"
"12","千葉県","12103","千葉市","稲毛区","121030023001","天台１丁目","35.631812","140.114036","1","3"
"12","千葉県","12103","千葉市","稲毛区","121030023002","天台２丁目","35.635117","140.114210","1","3"
"12","千葉県","12103","千葉市","稲毛区","121030023003","天台３丁目","35.634040","140.115968","1","3"
"12","千葉県","12103","千葉市","稲毛区","121030023004","天台４丁目","35.636908","140.114007","1","3"
"12","千葉県","12103","千葉市","稲毛区","121030023005","天台５丁目","35.638826","140.115065","1","3"
"12","千葉県","12103","千葉市","稲毛区","121030023006","天台６丁目","35.641458","140.116453","1","3"
"12","千葉県","12103","千葉市","稲毛区","121030024000","天台町","35.647431","140.119938","1","1"
"12","千葉県","12103","千葉市","稲毛区","121030025000","萩台町","35.642419","140.123138","1","1"
"12","千葉県","12103","千葉市","稲毛区","121030026000","柏台","35.651155","140.109251","1","1"
"12","千葉県","12103","千葉市","稲毛区","121030027000","弥生町","35.628421","140.103911","1","1"
"12","千葉県","12103","千葉市","稲毛区","121030028001","緑町１丁目","35.625207","140.098355","1","3"
"12","千葉県","12103","千葉市","稲毛区","121030028002","緑町２丁目","35.623670","140.096820","1","3"
"12","千葉県","12103","千葉市","稲毛区","121030029000","六方町","35.656481","140.140912","1","1"
"12","千葉県","12104","千葉市","若葉区","121040001001","みつわ台１丁目","35.632350","140.129752","1","3"
"12","千葉県","12104","千葉市","若葉区","121040001002","みつわ台２丁目","35.636860","140.132687","1","3"
"12","千葉県","12104","千葉市","若葉区","121040001003","みつわ台３丁目","35.639729","140.138056","1","3"
"12","千葉県","12104","千葉市","若葉区","121040001004","みつわ台４丁目","35.643311","140.132997","1","3"
"12","千葉県","12104","千葉市","若葉区","121040001005","みつわ台５丁目","35.646697","140.137016","1","3"
"12","千葉県","12104","千葉市","若葉区","121040002000","愛生町","35.652725","140.134546","1","1"
"12","千葉県","12104","千葉市","若葉区","121040003000","下泉町","35.632000","140.226287","1","1"
"12","千葉県","12104","千葉市","若葉区","121040004000","下田町","35.635572","140.208926","1","1"
"12","千葉県","12104","千葉市","若葉区","121040005000","加曽利町","35.612049","140.162701","1","1"
"12","千葉県","12104","千葉市","若葉区","121040006000","貝塚町","35.623982","140.147199","1","1"
"12","千葉県","12104","千葉市","若葉区","121040007000","金親町","35.622134","140.203627","1","1"
"12","千葉県","12104","千葉市","若葉区","121040008000","原町","35.632257","140.139447","1","1"
"12","千葉県","12104","千葉市","若葉区","121040009000","源町","35.645555","140.128830","1","1"
"12","千葉県","12104","千葉市","若葉区","121040010000","古泉町","35.593013","140.241867","1","1"
"12","千葉県","12104","千葉市","若葉区","121040011000","五十土町","35.580280","140.216663","1","1"
"12","千葉県","12104","千葉市","若葉区","121040012001","御成台１丁目","35.626366","140.194280","1","3"
"12","千葉県","12104","千葉市","若葉区","121040012002","御成台２丁目","35.632878","140.198964","1","3"
"12","千葉県","12104","千葉市","若葉区","121040012003","御成台３丁目","35.634673","140.200816","1","3"
"12","千葉県","12104","千葉市","若葉区","121040012004","御成台４丁目","35.636819","140.204616","0","3"
"12","千葉県","12104","千葉市","若葉区","121040013000","御殿町","35.611624","140.214426","1","1"
"12","千葉県","12104","千葉市","若葉区","121040014000","更科町","35.619006","140.223222","1","1"
"12","千葉県","12104","千葉市","若葉区","121040015000","高根町","35.598803","140.209329","1","1"
"12","千葉県","12104","千葉市","若葉区","121040016000","高品町","35.622697","140.136032","1","1"
"12","千葉県","12104","千葉市","若葉区","121040017000","佐和町","35.587022","140.206546","1","1"
"12","千葉県","12104","千葉市","若葉区","121040018000","坂月町","35.612264","140.179409","1","1"
"12","千葉県","12104","千葉市","若葉区","121040019001","桜木１丁目","35.619533","140.156247","1","3"
"12","千葉県","12104","千葉市","若葉区","121040019002","桜木２丁目","35.620943","140.163882","1","3"
"12","千葉県","12104","千葉市","若葉区","121040019003","桜木３丁目","35.623172","140.160113","1","3"
"12","千葉県","12104","千葉市","若葉区","121040019004","桜木４丁目","35.625085","140.157024","1","3"
"12","千葉県","12104","千葉市","若葉区","121040019005","桜木５丁目","35.626205","140.154903","1","3"
"12","千葉県","12104","千葉市","若葉区","121040019006","桜木６丁目","35.630867","140.156050","0","3"
"12","千葉県","12104","千葉市","若葉区","121040019007","桜木７丁目","35.629268","140.160204","0","3"
"12","千葉県","12104","千葉市","若葉区","121040019008","桜木８丁目","35.627026","140.162790","0","3"
"12","千葉県","12104","千葉市","若葉区","121040020000","桜木町","35.627966","140.160463","1","1"
"12","千葉県","12104","千葉市","若葉区","121040021001","若松台１丁目","35.650076","140.170076","1","3"
"12","千葉県","12104","千葉市","若葉区","121040021002","若松台２丁目","35.648914","140.171244","1","3"
"12","千葉県","12104","千葉市","若葉区","121040021003","若松台３丁目","35.650728","140.175605","1","3"
"12","千葉県","12104","千葉市","若葉区","121040022000","若松町","35.645732","140.154699","1","1"
"12","千葉県","12104","千葉市","若葉区","121040023000","小間子町","35.618154","140.258897","1","1"
"12","千葉県","12104","千葉市","若葉区","121040024001","小倉台１丁目","35.628156","140.169710","1","3"
"12","千葉県","12104","千葉市","若葉区","121040024002","小倉台２丁目","35.625594","140.171218","1","3"
"12","千葉県","12104","千葉市","若葉区","121040024003","小倉台３丁目","35.626649","140.174221","1","3"
"12","千葉県","12104","千葉市","若葉区","121040024004","小倉台４丁目","35.629819","140.171321","1","3"
"12","千葉県","12104","千葉市","若葉区","121040024005","小倉台５丁目","35.630691","140.174265","1","3"
"12","千葉県","12104","千葉市","若葉区","121040024006","小倉台６丁目","35.630248","140.178166","1","3"
"12","千葉県","12104","千葉市","若葉区","121040024007","小倉台７丁目","35.627273","140.178537","1","3"
"12","千葉県","12104","千葉市","若葉区","121040025000","小倉町","35.621064","140.173304","1","1"
"12","千葉県","12104","千葉市","若葉区","121040026000","上泉町","35.620886","140.239823","1","1"
"12","千葉県","12104","千葉市","若葉区","121040027001","西都賀１丁目","35.634976","140.145605","1","3"
"12","千葉県","12104","千葉市","若葉区","121040027002","西都賀２丁目","35.638561","140.146140","1","3"
"12","千葉県","12104","千葉市","若葉区","121040027003","西都賀３丁目","35.637234","140.148544","1","3"
"12","千葉県","12104","千葉市","若葉区","121040027004","西都賀４丁目","35.640222","140.151897","1","3"
"12","千葉県","12104","千葉市","若葉区","121040027005","西都賀５丁目","35.642053","140.149548","1","3"
"12","千葉県","12104","千葉市","若葉区","121040028001","千城台西１丁目","35.624574","140.181576","1","3"
"12","千葉県","12104","千葉市","若葉区","121040028002","千城台西２丁目","35.620278","140.185083","1","3"
"12","千葉県","12104","千葉市","若葉区","121040028003","千城台西３丁目","35.618455","140.182872","1","3"
"12","千葉県","12104","千葉市","若葉区","121040029001","千城台東１丁目","35.621361","140.191832","1","3"
"12","千葉県","12104","千葉市","若葉区","121040029002","千城台東２丁目","35.619315","140.194762","1","3"
"12","千葉県","12104","千葉市","若葉区","121040029003","千城台東３丁目","35.618613","140.197251","1","3"
"12","千葉県","12104","千葉市","若葉区","121040029004","千城台東４丁目","35.616645","140.198482","1","3"
"12","千葉県","12104","千葉市","若葉区","121040030001","千城台南１丁目","35.619338","140.189408","1","3"
"12","千葉県","12104","千葉市","若葉区","121040030002","千城台南２丁目","35.617486","140.188210","1","3"
"12","千葉県","12104","千葉市","若葉区","121040030003","千城台南３丁目","35.615197","140.188622","1","3"
"12","千葉県","12104","千葉市","若葉区","121040030004","千城台南４丁目","35.613029","140.191072","1","3"
"12","千葉県","12104","千葉市","若葉区","121040031001","千城台北１丁目","35.627859","140.183254","1","3"
"12","千葉県","12104","千葉市","若葉区","121040031002","千城台北２丁目","35.625876","140.187196","1","3"
"12","千葉県","12104","千葉市","若葉区","121040031003","千城台北３丁目","35.623528","140.190030","1","3"
"12","千葉県","12104","千葉市","若葉区","121040031004","千城台北４丁目","35.625185","140.192757","1","3"
"12","千葉県","12104","千葉市","若葉区","121040032000","川井町","35.586927","140.217284","1","1"
"12","千葉県","12104","千葉市","若葉区","121040033000","多部田町","35.594591","140.195802","1","1"
"12","千葉県","12104","千葉市","若葉区","121040034000","太田町","35.607472","140.175896","1","1"
"12","千葉県","12104","千葉市","若葉区","121040035000","大井戸町","35.625863","140.214935","1","1"
"12","千葉県","12104","千葉市","若葉区","121040036001","大宮台１丁目","35.594249","140.184427","1","3"
"12","千葉県","12104","千葉市","若葉区","121040036002","大宮台２丁目","35.589872","140.183647","1","3"
"12","千葉県","12104","千葉市","若葉区","121040036003","大宮台３丁目","35.589281","140.181089","1","3"
"12","千葉県","12104","千葉市","若葉区","121040036004","大宮台４丁目","35.591464","140.181815","1","3"
"12","千葉県","12104","千葉市","若葉区","121040036005","大宮台５丁目","35.593550","140.178273","1","3"
"12","千葉県","12104","千葉市","若葉区","121040036006","大宮台６丁目","35.594643","140.181554","1","3"
"12","千葉県","12104","千葉市","若葉区","121040036007","大宮台７丁目","35.598644","140.182407","1","3"
"12","千葉県","12104","千葉市","若葉区","121040037000","大宮町","35.597695","140.167607","1","1"
"12","千葉県","12104","千葉市","若葉区","121040038000","大広町","35.576238","140.207422","1","1"
"12","千葉県","12104","千葉市","若葉区","121040039000","大草町","35.610086","140.189705","1","1"
"12","千葉県","12104","千葉市","若葉区","121040040000","谷当町","35.644532","140.216665","1","1"
"12","千葉県","12104","千葉市","若葉区","121040041000","旦谷町","35.650560","140.210554","1","1"
"12","千葉県","12104","千葉市","若葉区","121040042000","中田町","35.602034","140.224680","1","1"
"12","千葉県","12104","千葉市","若葉区","121040043000","中野町","35.583853","140.266027","1","1"
"12","千葉県","12104","千葉市","若葉区","121040044000","殿台町","35.635261","140.126167","1","1"
"12","千葉県","12104","千葉市","若葉区","121040045001","都賀１丁目","35.631172","140.145564","1","3"
"12","千葉県","12104","千葉市","若葉区","121040045002","都賀２丁目","35.632382","140.147784","1","3"
"12","千葉県","12104","千葉市","若葉区","121040045003","都賀３丁目","35.635550","140.150693","1","3"
"12","千葉県","12104","千葉市","若葉区","121040045004","都賀４丁目","35.634406","140.152888","1","3"
"12","千葉県","12104","千葉市","若葉区","121040045005","都賀５丁目","35.639438","140.154775","0","3"
"12","千葉県","12104","千葉市","若葉区","121040046001","都賀の台１丁目","35.640335","140.142348","1","3"
"12","千葉県","12104","千葉市","若葉区","121040046002","都賀の台２丁目","35.643924","140.140966","1","3"
"12","千葉県","12104","千葉市","若葉区","121040046003","都賀の台３丁目","35.644580","140.143988","1","3"
"12","千葉県","12104","千葉市","若葉区","121040046004","都賀の台４丁目","35.641880","140.145637","1","3"
"12","千葉県","12104","千葉市","若葉区","121040047000","東寺山町","35.627334","140.130039","1","1"
"12","千葉県","12104","千葉市","若葉区","121040048000","富田町","35.605496","140.248507","1","1"
"12","千葉県","12104","千葉市","若葉区","121040049000","北大宮台","35.600824","140.178899","1","1"
"12","千葉県","12104","千葉市","若葉区","121040050000","北谷津町","35.608345","140.201678","1","1"
"12","千葉県","12104","千葉市","若葉区","121040051000","野呂町","35.576969","140.234786","1","1"
"12","千葉県","12104","千葉市","若葉区","121040052000","和泉町","35.576794","140.253895","1","1"
"12","千葉県","12104","千葉市","若葉区","121040053001","桜木北１丁目","35.631894","140.162296","0","3"
"12","千葉県","12104","千葉市","若葉区","121040053002","桜木北２丁目","35.634582","140.157507","0","3"
"12","千葉県","12104","千葉市","若葉区","121040053003","桜木北３丁目","35.636829","140.161034","0","3"
"12","千葉県","12104","千葉市","若葉区","121040054001","貝塚１丁目","35.625967","140.152036","0","3"
"12","千葉県","12104","千葉市","若葉区","121040054002","貝塚２丁目","35.631269","140.152793","0","3"
"12","千葉県","12105","千葉市","緑区","121050001001","あすみが丘１丁目","35.530170","140.268001","1","3"
"12","千葉県","12105","千葉市","緑区","121050001002","あすみが丘２丁目","35.524742","140.270838","1","3"
"12","千葉県","12105","千葉市","緑区","121050001003","あすみが丘３丁目","35.527336","140.266228","1","3"
"12","千葉県","12105","千葉市","緑区","121050001004","あすみが丘４丁目","35.524482","140.264176","1","3"
"12","千葉県","12105","千葉市","緑区","121050001005","あすみが丘５丁目","35.525605","140.258211","1","3"
"12","千葉県","12105","千葉市","緑区","121050001006","あすみが丘６丁目","35.517880","140.263203","1","3"
"12","千葉県","12105","千葉市","緑区","121050001007","あすみが丘７丁目","35.517640","140.266320","1","3"
"12","千葉県","12105","千葉市","緑区","121050001008","あすみが丘８丁目","35.517256","140.270358","1","3"
"12","千葉県","12105","千葉市","緑区","121050001009","あすみが丘９丁目","35.511486","140.263072","1","3"
"12","千葉県","12105","千葉市","緑区","121050002001","おゆみ野１丁目","35.562421","140.165021","1","3"
"12","千葉県","12105","千葉市","緑区","121050002002","おゆみ野２丁目","35.562363","140.172135","1","3"
"12","千葉県","12105","千葉市","緑区","121050002003","おゆみ野３丁目","35.560550","140.176705","1","3"
"12","千葉県","12105","千葉市","緑区","121050002004","おゆみ野４丁目","35.556784","140.181227","1","3"
"12","千葉県","12105","千葉市","緑区","121050002005","おゆみ野５丁目","35.553515","140.188118","1","3"
"12","千葉県","12105","千葉市","緑区","121050002006","おゆみ野６丁目","35.550641","140.192510","1","3"
"12","千葉県","12105","千葉市","緑区","121050003001","おゆみ野中央１丁目","35.559037","140.160226","1","3"
"12","千葉県","12105","千葉市","緑区","121050003002","おゆみ野中央２丁目","35.555316","140.161198","1","3"
"12","千葉県","12105","千葉市","緑区","121050003003","おゆみ野中央３丁目","35.554391","140.167860","1","3"
"12","千葉県","12105","千葉市","緑区","121050003004","おゆみ野中央４丁目","35.552087","140.172623","1","3"
"12","千葉県","12105","千葉市","緑区","121050003005","おゆみ野中央５丁目","35.557374","140.172880","1","3"
"12","千葉県","12105","千葉市","緑区","121050003006","おゆみ野中央６丁目","35.553403","140.179999","1","3"
"12","千葉県","12105","千葉市","緑区","121050003007","おゆみ野中央７丁目","35.549577","140.179385","1","3"
"12","千葉県","12105","千葉市","緑区","121050003008","おゆみ野中央８丁目","35.549238","140.187881","1","3"
"12","千葉県","12105","千葉市","緑区","121050003009","おゆみ野中央９丁目","35.546923","140.182107","1","3"
"12","千葉県","12105","千葉市","緑区","121050004001","おゆみ野南１丁目","35.552593","140.162211","1","3"
"12","千葉県","12105","千葉市","緑区","121050004002","おゆみ野南２丁目","35.550961","140.168197","1","3"
"12","千葉県","12105","千葉市","緑区","121050004003","おゆみ野南３丁目","35.547826","140.167911","1","3"
"12","千葉県","12105","千葉市","緑区","121050004004","おゆみ野南４丁目","35.544432","140.167520","1","3"
"12","千葉県","12105","千葉市","緑区","121050004005","おゆみ野南５丁目","35.546310","140.174923","1","3"
"12","千葉県","12105","千葉市","緑区","121050004006","おゆみ野南６丁目","35.542495","140.181494","1","3"
"12","千葉県","12105","千葉市","緑区","121050005000","おゆみ野有吉","35.558471","140.166582","1","1"
"12","千葉県","12105","千葉市","緑区","121050006000","越智町","35.532220","140.238850","1","1"
"12","千葉県","12105","千葉市","緑区","121050007000","下大和田町","35.561037","140.273070","1","1"
"12","千葉県","12105","千葉市","緑区","121050008000","鎌取町","35.566118","140.175684","1","1"
"12","千葉県","12105","千葉市","緑区","121050009000","刈田子町","35.546885","140.163215","1","1"
"12","千葉県","12105","千葉市","緑区","121050010000","古市場町","35.545383","140.149662","1","1"
"12","千葉県","12105","千葉市","緑区","121050011000","高津戸町","35.539384","140.261067","1","1"
"12","千葉県","12105","千葉市","緑区","121050012000","高田町","35.561543","140.222136","1","1"
"12","千葉県","12105","千葉市","緑区","121050013000","小金沢町","35.543038","140.170918","1","1"
"12","千葉県","12105","千葉市","緑区","121050014000","小山町","35.506972","140.268587","1","1"
"12","千葉県","12105","千葉市","緑区","121050015000","小食土町","35.518820","140.276562","1","1"
"12","千葉県","12105","千葉市","緑区","121050016000","上大和田町","35.555148","140.281895","1","1"
"12","千葉県","12105","千葉市","緑区","121050017000","大金沢町","35.538786","140.177904","1","1"
"12","千葉県","12105","千葉市","緑区","121050018000","大高町","35.538074","140.251399","1","1"
"12","千葉県","12105","千葉市","緑区","121050019000","大膳野町","35.543975","140.195966","1","1"
"12","千葉県","12105","千葉市","緑区","121050020000","大椎町","35.515994","140.255155","1","1"
"12","千葉県","12105","千葉市","緑区","121050021000","大木戸町","35.519360","140.244526","1","1"
"12","千葉県","12105","千葉市","緑区","121050022001","大野台１丁目","35.516998","140.228454","1","3"
"12","千葉県","12105","千葉市","緑区","121050022002","大野台２丁目","35.511957","140.240151","1","3"
"12","千葉県","12105","千葉市","緑区","121050023000","中西町","35.538350","140.158619","1","1"
"12","千葉県","12105","千葉市","緑区","121050024000","椎名崎町","35.549587","140.155857","1","1"
"12","千葉県","12105","千葉市","緑区","121050025000","土気町","35.535951","140.275025","1","1"
"12","千葉県","12105","千葉市","緑区","121050026000","東山科町","35.583514","140.189618","1","1"
"12","千葉県","12105","千葉市","緑区","121050027000","板倉町","35.504459","140.255642","1","1"
"12","千葉県","12105","千葉市","緑区","121050028000","富岡町","35.542617","140.163218","1","1"
"12","千葉県","12105","千葉市","緑区","121050029000","平山町","35.571805","140.194691","1","1"
"12","千葉県","12105","千葉市","緑区","121050030000","平川町","35.552048","140.244665","1","1"
"12","千葉県","12105","千葉市","緑区","121050031000","辺田町","35.564796","140.185686","1","1"
"12","千葉県","12105","千葉市","緑区","121050032000","茂呂町","35.535676","140.173745","1","1"
"12","千葉県","12105","千葉市","緑区","121050033001","誉田町１丁目","35.551995","140.197742","1","3"
"12","千葉県","12105","千葉市","緑区","121050033002","誉田町２丁目","35.548485","140.209965","1","3"
"12","千葉県","12105","千葉市","緑区","121050033003","誉田町３丁目","35.543626","140.212926","1","3"
"12","千葉県","12105","千葉市","緑区","121050034000","落井町","35.543155","140.159445","1","1"
"12","千葉県","12105","千葉市","緑区","121050035001","あすみが丘東１丁目","35.527089","140.280817","0","3"
"12","千葉県","12105","千葉市","緑区","121050035002","あすみが丘東２丁目","35.525004","140.276215","0","3"
"12","千葉県","12105","千葉市","緑区","121050035003","あすみが丘東３丁目","35.523975","140.281194","0","3"
"12","千葉県","12105","千葉市","緑区","121050035004","あすみが丘東４丁目","35.522073","140.276760","0","3"
"12","千葉県","12105","千葉市","緑区","121050035005","あすみが丘東５丁目","35.519916","140.274837","0","3"
"12","千葉県","12106","千葉市","美浜区","121060001001","ひび野１丁目","35.649978","140.045921","1","3"
"12","千葉県","12106","千葉市","美浜区","121060001002","ひび野２丁目","35.644813","140.040726","1","3"
"12","千葉県","12106","千葉市","美浜区","121060002001","磯辺１丁目","35.629744","140.064431","1","3"
"12","千葉県","12106","千葉市","美浜区","121060002002","磯辺２丁目","35.624834","140.059183","1","3"
"12","千葉県","12106","千葉市","美浜区","121060002003","磯辺３丁目","35.628064","140.054923","1","3"
"12","千葉県","12106","千葉市","美浜区","121060002004","磯辺４丁目","35.631489","140.058833","1","3"
"12","千葉県","12106","千葉市","美浜区","121060002005","磯辺５丁目","35.634105","140.060466","1","3"
"12","千葉県","12106","千葉市","美浜区","121060002006","磯辺６丁目","35.636778","140.055853","1","3"
"12","千葉県","12106","千葉市","美浜区","121060002007","磯辺７丁目","35.634675","140.052039","1","3"
"12","千葉県","12106","千葉市","美浜区","121060002008","磯辺８丁目","35.630711","140.049656","1","3"
"12","千葉県","12106","千葉市","美浜区","121060003001","稲毛海岸１丁目","35.627994","140.086110","1","3"
"12","千葉県","12106","千葉市","美浜区","121060003002","稲毛海岸２丁目","35.630967","140.083773","1","3"
"12","千葉県","12106","千葉市","美浜区","121060003003","稲毛海岸３丁目","35.633843","140.080445","1","3"
"12","千葉県","12106","千葉市","美浜区","121060003004","稲毛海岸４丁目","35.635777","140.077738","1","3"
"12","千葉県","12106","千葉市","美浜区","121060003005","稲毛海岸５丁目","35.638358","140.074276","1","3"
"12","千葉県","12106","千葉市","美浜区","121060004001","幸町１丁目","35.613110","140.100859","1","3"
"12","千葉県","12106","千葉市","美浜区","121060004002","幸町２丁目","35.622467","140.090879","1","3"
"12","千葉県","12106","千葉市","美浜区","121060005001","高洲１丁目","35.629244","140.079973","1","3"
"12","千葉県","12106","千葉市","美浜区","121060005002","高洲２丁目","35.622519","140.079805","1","3"
"12","千葉県","12106","千葉市","美浜区","121060005003","高洲３丁目","35.625523","140.074793","1","3"
"12","千葉県","12106","千葉市","美浜区","121060005004","高洲４丁目","35.632293","140.073264","1","3"
"12","千葉県","12106","千葉市","美浜区","121060006001","高浜１丁目","35.619254","140.074365","1","3"
"12","千葉県","12106","千葉市","美浜区","121060006002","高浜２丁目","35.616121","140.071061","1","3"
"12","千葉県","12106","千葉市","美浜区","121060006003","高浜３丁目","35.621037","140.065866","1","3"
"12","千葉県","12106","千葉市","美浜区","121060006004","高浜４丁目","35.623761","140.069393","1","3"
"12","千葉県","12106","千葉市","美浜区","121060006005","高浜５丁目","35.626645","140.066327","1","3"
"12","千葉県","12106","千葉市","美浜区","121060006006","高浜６丁目","35.623990","140.062571","1","3"
"12","千葉県","12106","千葉市","美浜区","121060006007","高浜７丁目","35.617491","140.064185","1","3"
"12","千葉県","12106","千葉市","美浜区","121060007001","若葉１丁目","35.656123","140.043755","1","3"
"12","千葉県","12106","千葉市","美浜区","121060007002","若葉２丁目","35.651542","140.052381","1","3"
"12","千葉県","12106","千葉市","美浜区","121060007003","若葉３丁目","35.646021","140.053086","1","3"
"12","千葉県","12106","千葉市","美浜区","121060008000","新港","35.612144","140.088974","1","1"
"12","千葉県","12106","千葉市","美浜区","121060009001","真砂１丁目","35.634829","140.070329","1","3"
"12","千葉県","12106","千葉市","美浜区","121060009002","真砂２丁目","35.639213","140.068734","1","3"
"12","千葉県","12106","千葉市","美浜区","121060009003","真砂３丁目","35.636207","140.063507","1","3"
"12","千葉県","12106","千葉市","美浜区","121060009004","真砂４丁目","35.639716","140.059612","1","3"
"12","千葉県","12106","千葉市","美浜区","121060009005","真砂５丁目","35.644998","140.061802","1","3"
"12","千葉県","12106","千葉市","美浜区","121060010001","打瀬１丁目","35.641964","140.048235","1","3"
"12","千葉県","12106","千葉市","美浜区","121060010002","打瀬２丁目","35.638177","140.045175","1","3"
"12","千葉県","12106","千葉市","美浜区","121060010003","打瀬３丁目","35.636170","140.043225","1","3"
"12","千葉県","12106","千葉市","美浜区","121060011001","中瀬１丁目","35.652475","140.041069","1","3"
"12","千葉県","12106","千葉市","美浜区","121060011002","中瀬２丁目","35.648044","140.034937","1","3"
"12","千葉県","12106","千葉市","美浜区","121060012000","美浜","35.642455","140.034751","1","1"
"12","千葉県","12106","千葉市","美浜区","121060013001","浜田１丁目","35.658358","140.039219","1","3"
"12","千葉県","12106","千葉市","美浜区","121060013002","浜田２丁目","35.655447","140.032601","1","3"
"12","千葉県","12106","千葉市","美浜区","121060014000","豊砂","35.651846","140.027087","1","1"
"12","千葉県","12106","千葉市","美浜区","121060015001","幕張西１丁目","35.666062","140.034485","1","3"
"12","千葉県","12106","千葉市","美浜区","121060015002","幕張西２丁目","35.664377","140.036557","1","3"
"12","千葉県","12106","千葉市","美浜区","121060015003","幕張西３丁目","35.662291","140.040521","1","3"
"12","千葉県","12106","千葉市","美浜区","121060015004","幕張西４丁目","35.660843","140.042655","1","3"
"12","千葉県","12106","千葉市","美浜区","121060015005","幕張西５丁目","35.661487","140.035748","1","3"
"12","千葉県","12106","千葉市","美浜区","121060015006","幕張西６丁目","35.661607","140.030597","1","3"
